Model,R2 Score,MAE,RMSE
Linear Regression,0.714373212915522,19.95266967424858,29.300752427125914
Decision Tree,0.652094878441783,22.0245839733743,32.337743851490686
Random Forest,0.6599183405297149,21.579714586463787,31.972081486789257
