Model,R2 Score,MAE,RMSE
Linear Regression,0.7143732129155221,19.952669674248575,29.300752427125904
Decision Tree,0.6828492148739815,21.22440476190477,30.87537215355427
Random Forest,0.6597028614274544,21.58845415970417,31.982208796341755
